{"cameraMode":{"drawMode":0,"name":"Shaded","section":"Shading Mode"},"sceneLighting":false,"audioPlay":false,"sceneViewState":{"showFog":true,"showMaterialUpdate":false,"showSkybox":false,"showFlares":true,"showImageEffects":true,"showParticleSystems":true},"in2DMode":false,"pivot":{"x":337.4102783203125,"y":200.42156982421876,"z":0.0},"rotation":{"x":0.06768937408924103,"y":0.044876690953969958,"z":-0.0030476348474621774,"w":0.9966937899589539},"size":246.3657684326172,"orthographic":false}